나이,성별,측정항목,평균,표준편차,최소값,최대값,샘플수
11,F,grip_right,19.433365853658536,3.6676970761242234,8.6,46.5,4100
11,M,grip_right,21.067954220314736,4.288194573369116,12.4,42.5,4194
12,F,grip_right,20.474493670886076,3.96460448517072,12.4,51.9,1580
12,M,grip_right,21.889431887599265,4.394488878244192,13.2,38.5,1637
13,F,grip_left,56.18094714285714,7.771865214578349,25.292,90.709,1400
13,F,grip_right,21.252142857142857,3.9865421903900926,13.1,46.4,1400
13,F,shuttle_run,35.10093189964158,3.547083267253275,18.5,48.4,1395
13,M,grip_left,54.74172026578072,7.439434605409171,26.572,108.896,1505
13,M,grip_right,22.680478087649405,4.725490785091496,12.2,43.7,1506
13,M,shuttle_run,42.03482321547698,5.4189452949426276,23.5,60.4,1499
14,F,grip_left,52.50519658813972,7.700372132725788,16.824,110.956,1231
14,F,grip_right,21.877110389610387,4.198587294131145,12.8,42.6,1232
14,F,shuttle_run,34.63276283618582,3.6768491074395118,20.9,48.8,1227
14,M,grip_left,50.51811079745942,6.808408971580451,31.547,83.663,1417
14,M,grip_right,23.120689655172413,4.957964976392974,12.0,43.4,1421
14,M,shuttle_run,42.82887473460722,5.64014482508164,23.7,59.4,1413
15,F,grip_left,53.266526748971195,7.611666703519022,21.377,111.559,1944
15,F,grip_right,22.162107969151673,4.191984645262247,8.1,60.1,1945
15,F,shuttle_run,34.30270413573701,3.4096240922349392,13.6,46.1,1886
15,F,vo2max,148.32432432432432,19.1645709782604,87.0,178.0,37
15,M,grip_left,50.084859655981234,7.516831906845271,21.131,118.157,2558
15,M,grip_right,23.392079594225518,4.985127342379096,13.9,49.3,2563
15,M,shuttle_run,42.86142631993695,5.653536314238533,21.6,59.2,2538
16,F,grip_left,52.88098078682525,7.529483733800824,31.864,120.0,2186
16,F,grip_right,22.291312299954278,4.388368084333311,11.2,47.7,2187
16,F,shuttle_run,34.3357789423535,3.52121738588521,16.4,49.6,2099
16,F,vo2max,146.68,17.17430448937824,103.0,176.0,50
16,M,grip_left,48.67854486523371,7.428039561365089,30.326,120.46,2931
16,M,grip_right,23.868594760122487,4.9813987313553385,13.3,52.9,2939
16,M,shuttle_run,42.56730501392758,5.61290124413898,21.6,58.6,2872
16,M,vo2max,141.9,24.21409139782499,92.0,177.0,10
17,F,grip_left,51.342615658362995,7.78602986800348,33.967,112.108,2248
17,F,grip_right,22.46876943580631,4.2540372714940995,13.6,46.3,2251
17,F,shuttle_run,34.01152764761012,3.3111807084409652,20.2,46.7,2134
17,F,vo2max,143.44642857142858,16.4404375553994,106.0,178.0,56
17,M,grip_left,47.28490577695397,7.2242093755262005,27.736,120.276,3237
17,M,grip_right,24.35333539221742,4.751793605653913,14.6,53.7,3238
17,M,shuttle_run,42.28258248730965,5.49343261516432,21.0,58.4,3152
17,M,vo2max,150.5,15.583874449479593,131.0,171.0,8
18,F,grip_left,51.534273584905655,8.614823181587452,10.923,120.46,742
18,F,grip_right,22.786193029490615,4.496809874185121,13.8,43.8,746
18,F,shuttle_run,34.00178571428572,3.6225691489139273,20.4,44.5,672
18,F,vo2max,139.07142857142858,22.63057350450618,82.0,178.0,28
18,M,grip_left,47.33161538461539,7.256686632575953,31.485,106.156,1560
18,M,grip_right,24.285859872611468,4.482089993887084,15.1,43.1,1570
18,M,shuttle_run,42.45025307302964,5.321650982860032,23.9,64.4,1383
18,M,vo2max,136.75,25.920678597354822,86.0,180.0,20
19,F,grip_right,21.853813559322035,3.706478840473691,15.9,34.6,236
19,F,shuttle_run,33.84027777777778,3.342213985952175,24.3,41.4,144
19,F,sit_up,28.251082251082252,12.290228927262083,0.0,63.0,231
19,F,vo2max,124.31944444444444,20.57198038964163,77.0,163.0,72
19,M,grip_right,23.808244680851065,3.7288719289915555,15.2,41.4,752
19,M,shuttle_run,43.252857142857145,4.7974900387251695,27.9,54.4,420
19,M,sit_up,42.70439414114514,11.251096272472546,0.0,75.0,751
19,M,vo2max,112.145,20.77745141823669,53.0,160.0,200
20,F,grip_right,21.228488372093025,3.5668473531677347,14.8,39.9,172
20,F,shuttle_run,33.51234567901235,3.2952004004327793,23.4,42.2,81
20,F,sit_up,27.58139534883721,12.131313805594298,0.0,62.0,172
20,F,vo2max,126.85507246376811,18.246091734878814,77.0,163.0,69
20,M,grip_right,24.12387640449438,3.9456615684635366,14.0,41.1,356
20,M,shuttle_run,42.72704081632653,4.449273454761863,29.1,52.4,196
20,M,sit_up,42.7909604519774,11.26484303456255,0.0,68.0,354
20,M,vo2max,115.65555555555555,19.56732033183872,75.0,158.0,90
21,F,grip_right,20.270790378006872,2.8561981713176228,16.0,34.4,291
21,F,shuttle_run,33.870000000000005,2.7997920356765738,27.1,38.8,80
21,F,sit_up,25.90344827586207,12.416544459049133,0.0,51.0,290
21,F,vo2max,123.94505494505495,21.445221305638075,62.0,170.0,182
21,M,grip_right,24.279057591623037,3.793093606436844,16.9,40.0,191
21,M,shuttle_run,42.707070707070706,4.654123748064338,27.4,49.9,99
21,M,sit_up,42.78191489361702,11.70722582085635,0.0,64.0,188
21,M,vo2max,113.40983606557377,20.491768305981086,69.0,156.0,61
22,F,grip_right,19.90414201183432,2.212061756415078,15.2,29.8,338
22,F,shuttle_run,34.487837837837844,2.210928813851443,28.8,39.0,74
22,F,sit_up,27.431952662721894,10.83281843410288,0.0,56.0,338
22,F,vo2max,123.44680851063829,18.62728550167728,79.0,176.0,188
22,M,grip_right,24.648175182481754,3.9285362898731315,17.4,44.1,137
22,M,shuttle_run,42.77307692307692,4.872122476147067,24.1,51.1,78
22,M,sit_up,43.130147058823525,10.927636184043012,17.7,67.0,136
22,M,vo2max,109.95833333333333,18.844219536215288,76.0,171.0,48
23,F,grip_right,19.733498759305213,2.3286864353755186,15.9,29.9,403
23,F,shuttle_run,34.808791208791206,2.6976800053893366,26.7,42.6,91
23,F,sit_up,28.286069651741293,10.381753366734596,0.0,59.0,402
23,F,vo2max,123.15023474178403,18.060588867134296,74.0,157.0,213
23,M,grip_right,24.485393258426964,3.485646129560381,16.1,40.0,178
23,M,shuttle_run,42.91956521739131,4.3005555258437,31.0,52.5,92
23,M,sit_up,42.8150289017341,10.608268200525291,5.0,69.0,173
23,M,vo2max,110.31818181818181,19.805328801891903,61.0,150.0,66
24,F,grip_right,19.87711340206186,2.2632054896436316,15.4,38.3,485
24,F,shuttle_run,35.040952380952376,2.951065493307044,19.8,39.2,105
24,F,sit_up,29.02061855670103,10.075109848511444,0.0,60.0,485
24,F,vo2max,125.81343283582089,18.97116594295597,57.0,173.0,268
24,M,grip_right,24.629741379310346,4.008273253943691,16.9,37.4,232
24,M,shuttle_run,41.14038461538462,4.724764734077494,27.3,54.2,104
24,M,sit_up,41.952586206896555,11.203833305099952,0.0,70.0,232
24,M,vo2max,112.31,18.500174719349673,74.0,174.0,100
25,F,grip_right,19.98692098092643,2.065152729045814,14.6,31.1,367
25,F,shuttle_run,34.72528735632184,2.3626560925820375,22.4,40.3,87
25,F,sit_up,28.779291553133515,9.808149089801297,0.0,62.0,367
25,F,vo2max,122.32275132275132,18.165508609126697,67.0,166.0,189
25,M,grip_right,24.817766497461925,3.4605560315127395,12.1,40.7,197
25,M,shuttle_run,41.49266055045872,4.143909105029229,28.6,51.0,109
25,M,sit_up,41.28934010152284,10.43652035955344,14.0,66.0,197
25,M,vo2max,112.03076923076924,18.829804525314078,76.0,153.0,65
26,F,grip_right,20.261504424778764,2.8742651918905584,15.7,41.1,226
26,F,shuttle_run,35.163829787234036,2.5024705646459697,25.2,40.3,47
26,F,sit_up,29.486725663716815,9.94841364841454,0.0,53.0,226
26,F,vo2max,120.21138211382114,16.586708105559154,80.0,162.0,123
26,M,grip_right,24.523958333333336,3.843311856936464,18.0,53.1,192
26,M,shuttle_run,41.3515625,3.9866440590018315,29.3,48.9,64
26,M,sit_up,41.203125,10.02172460234443,15.0,60.0,192
26,M,vo2max,110.62068965517241,16.663036225821248,78.0,145.0,87
27,F,grip_right,20.54,2.7576021404868016,16.4,37.5,185
27,F,shuttle_run,34.06279069767442,2.6147041402162094,27.2,38.9,43
27,F,sit_up,29.054347826086957,9.898792916900991,1.0,55.0,184
27,F,vo2max,120.23148148148148,20.43892496829192,60.0,169.0,108
27,M,grip_right,24.84391534391535,3.305383666729868,18.0,34.7,189
27,M,shuttle_run,41.839285714285715,4.13626389411038,30.7,50.9,84
27,M,sit_up,43.08994708994709,10.45798862406225,0.0,70.0,189
27,M,vo2max,111.10112359550561,17.47468620073322,64.0,163.0,89
28,F,grip_right,21.34495412844037,5.181600035998678,15.8,65.2,109
28,F,shuttle_run,34.470000000000006,5.00573119809546,12.2,42.6,30
28,F,sit_up,28.86111111111111,10.971039475141314,0.0,55.0,108
28,F,vo2max,118.83050847457628,16.938176165277106,70.0,148.0,59
28,M,grip_right,25.560897435897434,4.225354708804835,16.6,39.2,156
28,M,shuttle_run,40.40819672131147,4.541890028096497,28.6,49.9,61
28,M,sit_up,43.08387096774194,9.675215920077736,18.0,61.0,155
28,M,vo2max,112.975,20.31397536024667,73.0,166.0,80
29,F,grip_right,22.02870370370371,3.6795227983445837,17.1,36.6,108
29,F,shuttle_run,34.88709677419355,3.4728222850667025,26.7,43.5,31
29,F,sit_up,26.574074074074073,12.377401553965461,0.0,55.0,108
29,F,vo2max,120.28333333333333,18.305405024400432,82.0,159.0,60
29,M,grip_right,25.84145077720207,3.665654496032495,19.0,39.5,193
29,M,shuttle_run,41.954166666666666,5.334340977287807,30.0,53.7,72
29,M,sit_up,41.9119170984456,10.784707197064966,1.0,67.0,193
29,M,vo2max,114.1,19.85579324158381,50.0,160.0,100
30,F,grip_right,21.80246913580247,2.822852073198398,15.7,30.0,81
30,F,shuttle_run,33.925,3.0395420361419063,28.5,41.7,20
30,F,sit_up,28.691358024691358,10.776875678169255,0.0,51.0,81
30,F,vo2max,124.08333333333333,16.03696970013726,87.0,166.0,48
30,M,grip_right,25.68792270531401,3.437457718548995,17.6,39.2,207
30,M,shuttle_run,41.372058823529414,4.340501573198183,26.2,51.5,68
30,M,sit_up,42.05797101449275,10.627703390590982,1.0,65.0,207
30,M,vo2max,112.67241379310344,18.44794125997896,66.0,167.0,116
31,F,grip_right,22.439130434782612,3.3407562278491745,17.5,34.9,69
31,F,shuttle_run,34.738461538461536,3.697643046937347,29.7,42.7,13
31,F,sit_up,26.47826086956522,9.762787535348604,0.0,49.0,69
31,F,vo2max,119.72093023255815,22.27675019193922,61.0,163.0,43
31,M,grip_right,25.456684491978606,3.168204898935662,17.5,41.5,187
31,M,shuttle_run,40.979166666666664,4.008615281973719,30.8,52.8,72
31,M,sit_up,44.0,9.481133470840494,18.0,72.0,186
31,M,vo2max,108.07865168539325,21.973757447082356,66.0,170.0,89
32,F,grip_right,22.521176470588237,3.1782030756255915,14.7,31.0,85
32,F,shuttle_run,32.50000000000001,3.434256491157704,28.0,42.4,35
32,F,sit_up,28.376470588235293,11.769590022584469,0.0,52.0,85
32,F,vo2max,113.54285714285714,22.545826348002546,67.0,151.0,35
32,M,grip_right,26.083695652173912,3.1895244236316396,17.7,34.5,184
32,M,shuttle_run,40.163513513513514,3.45311351761976,30.8,46.2,74
32,M,sit_up,43.91208791208791,10.701523980538516,0.0,70.0,182
32,M,vo2max,107.26881720430107,18.652508739615694,74.0,158.0,93
33,F,grip_right,23.116071428571427,3.8874986950346497,17.5,33.1,56
33,F,shuttle_run,31.3,3.700386080243133,25.3,38.0,15
33,F,sit_up,25.181818181818183,11.813505938497789,2.0,49.0,55
33,F,vo2max,120.96,18.897707091955187,84.0,157.0,25
33,M,grip_right,25.91963190184049,3.2215681116864885,19.6,40.5,163
33,M,shuttle_run,39.51166666666668,4.472063629617163,27.9,48.4,60
33,M,sit_up,42.68711656441718,11.303621987201215,1.0,67.0,163
33,M,vo2max,111.65,19.96078433810668,71.0,165.0,80
34,F,grip_right,22.49827586206896,2.7839446568474733,16.2,30.6,58
34,F,shuttle_run,33.02105263157894,3.249543377729044,27.2,39.3,19
34,F,sit_up,26.96551724137931,12.024777806958225,1.0,51.0,58
34,F,vo2max,118.35714285714286,16.522071177029712,83.0,147.0,28
34,M,grip_right,26.018620689655172,3.774788187709208,18.7,39.7,145
34,M,shuttle_run,39.669999999999995,5.018059223180506,27.1,51.6,50
34,M,sit_up,41.689655172413794,9.9131767257996,16.0,65.0,145
34,M,vo2max,112.71052631578948,17.60592005697605,74.0,162.0,76
35,F,grip_right,22.711111111111116,5.079020027962525,16.1,40.2,36
35,F,shuttle_run,33.16,5.991141608890395,21.7,44.5,10
35,F,sit_up,27.083333333333332,11.69951158931737,0.0,49.0,36
35,F,vo2max,114.52631578947368,21.84889628804732,75.0,160.0,19
35,M,grip_right,26.268309859154932,3.776586505536821,20.5,43.6,142
35,M,shuttle_run,39.3018181818182,4.693434772778883,29.0,48.2,55
35,M,sit_up,41.232394366197184,10.816762335275762,2.0,61.0,142
35,M,vo2max,112.28767123287672,20.755507603776184,74.0,160.0,73
36,F,grip_right,22.61372549019608,3.1368149201279403,17.7,33.7,51
36,F,shuttle_run,32.06818181818182,4.474731847633453,24.0,41.4,22
36,F,sit_up,25.725490196078432,11.923218410098087,0.0,62.0,51
36,F,vo2max,118.04545454545455,18.19596311254432,84.0,146.0,22
36,M,grip_right,26.449295774647887,3.057225982197449,19.2,34.1,142
36,M,shuttle_run,39.93541666666667,3.7291542354878184,32.9,47.5,48
36,M,sit_up,42.485915492957744,10.598899926519845,1.0,68.0,142
36,M,vo2max,108.88235294117646,20.569162117158093,68.0,162.0,68
37,F,grip_right,23.460526315789476,5.246957392400585,17.3,45.7,38
37,F,shuttle_run,30.85,7.374860773504231,17.7,43.0,8
37,F,sit_up,24.210526315789473,11.65299612264691,0.0,48.0,38
37,F,vo2max,113.05555555555556,15.306562307494215,88.0,145.0,18
37,M,grip_right,25.998305084745763,3.975609033617246,18.1,49.9,118
37,M,shuttle_run,39.13829787234043,3.8472775914749042,30.4,50.6,47
37,M,sit_up,40.144067796610166,12.191685147279971,1.0,65.0,118
37,M,vo2max,112.6140350877193,21.19278380045983,77.0,182.0,57
38,F,grip_right,23.479069767441857,4.81236295485932,11.7,39.5,43
38,F,shuttle_run,31.050000000000004,2.6129117268495117,24.2,34.6,14
38,F,sit_up,25.488372093023255,11.709524192324436,4.0,54.0,43
38,F,vo2max,113.08,18.544810594880715,71.0,143.0,25
38,M,grip_right,25.825233644859814,3.408593287503228,19.9,41.6,107
38,M,shuttle_run,39.16315789473684,6.260792672922045,22.3,49.7,38
38,M,sit_up,42.11214953271028,10.238041438953593,10.0,64.0,107
38,M,vo2max,106.68,19.429033607948067,63.0,148.0,50
39,F,grip_right,22.992307692307698,3.5102395041532732,16.8,31.9,39
39,F,shuttle_run,31.53,4.014155508253816,25.2,37.2,10
39,F,sit_up,27.666666666666668,11.526476006256509,6.0,61.0,39
39,F,vo2max,110.84210526315789,17.969922889510983,82.0,150.0,19
39,M,grip_right,24.952173913043474,3.3611909915638,16.8,35.0,115
39,M,shuttle_run,38.511428571428574,3.699027807774508,30.5,49.6,35
39,M,sit_up,40.48695652173913,10.19319106878507,1.0,63.0,115
39,M,vo2max,110.85507246376811,20.846268788949796,63.0,154.0,69
40,F,grip_right,22.214634146341464,4.2488563741087875,17.5,38.8,41
40,F,shuttle_run,33.46666666666667,2.3508863576673944,30.8,37.2,6
40,F,sit_up,26.0,10.0174847142384,7.0,44.0,41
40,F,vo2max,108.55,19.599879161818695,60.0,139.0,20
40,M,grip_right,26.108695652173914,3.538598846501876,19.8,37.8,92
40,M,shuttle_run,39.19722222222223,4.738443753633592,30.8,46.9,36
40,M,sit_up,39.891304347826086,11.440679801652388,0.0,64.0,92
40,M,vo2max,112.97727272727273,14.659687861716561,79.0,139.0,44
41,F,grip_right,24.239024390243905,4.068776108904279,18.8,36.1,41
41,F,shuttle_run,29.915384615384617,4.231005820890613,22.3,36.3,13
41,F,sit_up,22.853658536585368,10.946599873042214,0.0,41.0,41
41,F,vo2max,121.95238095238095,16.892235466261386,89.0,147.0,21
41,M,grip_right,26.637272727272723,4.753228918776713,21.4,52.8,110
41,M,shuttle_run,38.98409090909091,4.7136093503622485,24.8,49.8,44
41,M,sit_up,38.17272727272727,12.800415052695273,0.0,61.0,110
41,M,vo2max,109.94545454545455,22.620392456413192,69.0,170.0,55
42,F,grip_right,23.109090909090906,3.5911312669162867,18.0,37.0,66
42,F,shuttle_run,30.118181818181814,3.6432110854282116,24.2,39.8,22
42,F,sit_up,23.70769230769231,10.780078671041606,0.0,47.0,65
42,F,vo2max,118.22222222222223,17.915041667512746,86.0,160.0,27
42,M,grip_right,26.361904761904757,3.2929609030313,20.7,40.6,84
42,M,shuttle_run,40.27307692307692,4.491641810501608,32.6,48.6,26
42,M,sit_up,38.86904761904762,11.733773478548914,0.0,61.0,84
42,M,vo2max,107.40384615384616,20.85078605316094,56.0,154.0,52
43,F,grip_right,23.561016949152545,2.8872500309268476,18.8,33.8,59
43,F,shuttle_run,31.15454545454546,2.875539475077203,28.5,39.1,11
43,F,sit_up,25.423728813559322,12.158725247711121,1.0,56.0,59
43,F,vo2max,114.17647058823529,18.525119045518274,79.0,150.0,34
43,M,grip_right,25.654400000000003,2.946361999527224,19.1,36.3,125
43,M,shuttle_run,38.6952380952381,2.840813382402179,32.3,44.7,42
43,M,sit_up,36.699186991869915,10.79612480517939,0.0,64.0,123
43,M,vo2max,110.82608695652173,21.147908060734245,66.0,156.0,69
44,F,grip_right,24.021212121212123,4.347926655368763,17.0,35.1,66
44,F,shuttle_run,30.041666666666668,4.493755732092049,23.6,39.6,24
44,F,sit_up,23.015625,13.435905682459092,0.0,50.0,64
44,F,vo2max,115.03225806451613,20.729180512774324,73.0,155.0,31
44,M,grip_right,24.939639639639637,2.4633782893077134,19.7,31.9,111
44,M,shuttle_run,39.359375,3.8055866721643374,28.1,46.3,32
44,M,sit_up,39.6036036036036,11.565842561988909,0.0,60.0,111
44,M,vo2max,112.63076923076923,17.630379702704605,71.0,148.0,65
45,F,grip_right,22.92375,2.7481291104303915,17.2,29.1,80
45,F,shuttle_run,29.994999999999997,2.795762771353143,26.8,39.9,20
45,F,sit_up,25.846153846153847,10.153467737325366,0.0,54.0,78
45,F,vo2max,115.31818181818181,18.238437212825374,76.0,150.0,44
45,M,grip_right,25.801960784313724,2.567580838996805,20.5,33.8,102
45,M,shuttle_run,37.00294117647059,3.8745076163510395,27.4,46.6,34
45,M,sit_up,37.63725490196079,10.364437689882212,0.0,60.0,102
45,M,vo2max,108.24561403508773,18.326679129613186,66.0,150.0,57
46,F,grip_right,22.672916666666666,3.287418930855992,17.5,32.9,48
46,F,shuttle_run,29.3,3.190611226708764,24.0,36.6,11
46,F,sit_up,20.854166666666668,12.442189010615717,0.0,50.0,48
46,F,vo2max,114.61290322580645,22.364670679973266,70.0,147.0,31
46,M,grip_right,26.04019607843137,3.2349961300089043,20.4,36.5,102
46,M,shuttle_run,38.70789473684211,4.59520205590202,27.1,49.2,38
46,M,sit_up,39.3921568627451,11.369715604431164,0.0,62.0,102
46,M,vo2max,108.68518518518519,19.422632270232633,72.0,153.0,54
47,F,grip_right,23.436666666666664,2.598889376002866,16.9,32.5,60
47,F,shuttle_run,29.86666666666667,2.594407905660246,25.1,36.6,15
47,F,sit_up,22.45,11.551542563364443,0.0,45.0,60
47,F,vo2max,109.44444444444444,19.500164364856268,67.0,149.0,27
47,M,grip_right,25.321739130434782,2.6603222695765854,18.4,32.7,69
47,M,shuttle_run,38.72727272727274,4.878932535297316,29.8,49.0,22
47,M,sit_up,36.44927536231884,11.930603544572522,0.0,63.0,69
47,M,vo2max,112.57894736842105,18.07436826146931,75.0,147.0,38
48,F,grip_right,22.96545454545454,3.330622129729485,15.2,30.2,55
48,F,shuttle_run,28.572727272727267,1.46293602668805,26.2,31.3,11
48,F,sit_up,23.442307692307693,11.440234231693777,0.0,54.0,52
48,F,vo2max,115.43333333333334,19.30639224736707,78.0,158.0,30
48,M,grip_right,25.375,3.259803029244817,15.5,36.7,96
48,M,shuttle_run,39.03928571428571,3.896754517184238,28.5,46.4,28
48,M,sit_up,38.87234042553192,10.628865184424477,5.0,59.0,94
48,M,vo2max,114.0,20.081316173479745,57.0,162.0,55
49,F,grip_right,22.19846153846154,4.148210921126583,14.7,40.7,65
49,F,shuttle_run,29.684615384615384,2.797274314353812,24.1,34.5,13
49,F,sit_up,20.490909090909092,11.065248783454017,0.0,51.0,55
49,F,vo2max,114.16129032258064,17.389837595932377,76.0,150.0,31
49,M,grip_right,24.742307692307694,3.6766910317644235,15.5,33.1,78
49,M,shuttle_run,37.02272727272727,2.949888104121888,32.1,43.9,22
49,M,sit_up,34.47142857142857,10.375167438595003,7.0,60.0,70
49,M,vo2max,110.11627906976744,20.114208792513747,69.0,147.0,43
50,F,grip_right,23.608974358974358,3.467181418147453,13.4,33.5,78
50,F,shuttle_run,31.034374999999997,3.525081502146325,26.3,37.6,32
50,F,sit_up,22.333333333333332,10.115993936995679,0.0,44.0,75
50,F,vo2max,113.72,16.105175151691665,84.0,140.0,25
50,M,grip_right,25.329670329670325,2.696643778456411,16.6,31.3,91
50,M,shuttle_run,36.672000000000004,3.4573014524818833,30.7,43.7,25
50,M,sit_up,35.30337078651685,9.91143106626937,0.0,59.0,89
50,M,vo2max,110.38775510204081,19.43881032724934,59.0,185.0,49
51,F,grip_right,23.06153846153846,3.5105507183565727,14.6,31.4,65
51,F,shuttle_run,29.523076923076925,3.0466248664584676,23.1,33.0,13
51,F,sit_up,18.919354838709676,11.033924419785263,0.0,39.0,62
51,F,vo2max,114.87096774193549,23.770769073919162,62.0,158.0,31
51,M,grip_right,25.40238095238095,3.4605165778618825,15.5,34.1,84
51,M,shuttle_run,36.05,3.30844374290995,28.8,41.8,26
51,M,sit_up,33.734177215189874,9.482384289531087,3.0,53.0,79
51,M,vo2max,113.52631578947368,21.186095442855866,73.0,163.0,38
52,F,grip_right,22.297183098591546,4.803093402946121,13.9,36.7,71
52,F,shuttle_run,28.28235294117647,2.5375271658934135,23.6,33.2,17
52,F,sit_up,21.134615384615383,10.777661804251306,0.0,45.0,52
52,F,vo2max,106.8125,19.576239850049515,67.0,149.0,16
52,M,grip_right,23.29279279279279,4.685756205812592,14.1,34.8,111
52,M,shuttle_run,36.075,3.1105108547918263,30.0,41.9,28
52,M,sit_up,34.52873563218391,10.553120425180731,0.0,55.0,87
52,M,vo2max,105.57446808510639,18.681244582934983,70.0,141.0,47
53,F,grip_right,21.982716049382717,3.947967518972794,13.6,38.0,81
53,F,shuttle_run,29.22307692307692,3.543339725492944,23.1,37.0,13
53,F,sit_up,19.28787878787879,10.805646887715916,0.0,42.0,66
53,F,vo2max,109.39473684210526,21.80198289231932,50.0,151.0,38
53,M,grip_right,23.378,3.8737025850175586,15.2,30.7,100
53,M,shuttle_run,36.38928571428571,2.607445079243251,29.9,42.3,28
53,M,sit_up,35.7125,9.504421023257638,15.0,55.0,80
53,M,vo2max,111.57575757575758,17.592665913368386,82.0,148.0,33
54,F,grip_right,21.340000000000003,4.339517581948101,13.8,31.5,110
54,F,shuttle_run,28.724999999999998,2.1110639282340338,25.2,33.0,12
54,F,sit_up,16.586666666666666,10.835493894046913,0.0,40.0,75
54,F,vo2max,112.48717948717949,20.665088529706832,75.0,158.0,39
54,M,grip_right,22.973750000000003,5.039357597948373,13.8,34.4,80
54,M,shuttle_run,35.28333333333333,2.019973791326772,31.7,39.8,18
54,M,sit_up,34.59649122807018,8.666148528949554,7.0,51.0,57
54,M,vo2max,116.37037037037037,18.710647211903684,78.0,159.0,27
55,F,grip_right,23.056880733944947,4.256354007756827,14.1,37.6,109
55,F,shuttle_run,29.684615384615384,2.5971819047101508,24.3,34.5,26
55,F,sit_up,18.161290322580644,11.690102021517703,0.0,49.0,93
55,F,vo2max,114.22222222222223,20.550258667791297,74.0,168.0,45
55,M,grip_right,22.190526315789473,4.70095222776241,14.6,30.9,95
55,M,shuttle_run,36.504,2.78395402260885,32.3,40.8,25
55,M,sit_up,31.6875,10.283096007140237,1.0,52.0,64
55,M,vo2max,111.79310344827586,21.65538420404105,70.0,167.0,29
56,F,grip_right,21.75223880597015,4.235523179513607,9.8,32.3,134
56,F,shuttle_run,29.678947368421053,3.483864225471547,25.6,40.4,19
56,F,sit_up,18.69607843137255,10.335739413390336,0.0,40.0,102
56,F,vo2max,110.51851851851852,18.884695551310546,72.0,155.0,54
56,M,grip_right,23.1,4.7270277835725345,14.3,31.3,97
56,M,shuttle_run,34.644999999999996,3.0569119264898337,29.3,40.3,20
56,M,sit_up,31.029850746268657,8.240642350024794,7.0,53.0,67
56,M,vo2max,112.0,18.828951424991935,79.0,151.0,35
57,F,grip_right,21.545679012345676,4.6896974684598804,14.4,34.6,81
57,F,shuttle_run,27.944444444444443,3.142893217686179,23.8,32.7,9
57,F,sit_up,16.037735849056602,10.947360525137736,0.0,43.0,53
57,F,vo2max,113.61764705882354,14.297731767306294,86.0,145.0,34
57,M,grip_right,21.275510204081634,4.592958780085546,14.2,29.6,98
57,M,shuttle_run,35.98333333333333,3.0611445670869677,32.2,41.4,12
57,M,sit_up,31.785714285714285,8.735953474972444,12.0,52.0,56
57,M,vo2max,117.24137931034483,17.903820766237487,80.0,155.0,29
58,F,grip_right,21.792380952380952,3.8185200324334083,13.8,29.4,105
58,F,shuttle_run,28.395000000000003,1.9074576631847178,24.8,31.7,20
58,F,sit_up,15.036144578313253,10.141012821804976,0.0,40.0,83
58,F,vo2max,108.61363636363636,19.951354688622153,62.0,150.0,44
58,M,grip_right,21.935714285714283,4.576030107679773,13.3,30.3,98
58,M,shuttle_run,36.01875,2.844695355686908,30.9,39.8,16
58,M,sit_up,30.846153846153847,9.4094878467673,9.0,55.0,65
58,M,vo2max,112.13513513513513,15.901017022264407,75.0,152.0,37
59,F,grip_right,21.701098901098902,4.592711484406437,14.1,34.6,91
59,F,shuttle_run,28.13571428571429,2.143184956610548,24.1,31.5,14
59,F,sit_up,15.9375,10.298520467014852,0.0,42.0,64
59,F,vo2max,109.93333333333334,17.74519523766894,82.0,143.0,30
59,M,grip_right,22.92098765432099,4.620571286361209,12.9,30.0,81
59,M,shuttle_run,35.409090909090914,2.6866351925798666,28.6,40.0,22
59,M,sit_up,31.23728813559322,8.435023420548497,11.0,48.0,59
59,M,vo2max,112.71428571428571,18.642558127708053,72.0,145.0,28
60,F,grip_right,21.920454545454547,4.18074840934945,14.3,30.4,88
60,F,shuttle_run,28.707692307692312,1.578217105080676,26.0,31.2,13
60,F,sit_up,12.876923076923077,9.294668653836746,0.0,33.0,65
60,F,vo2max,111.92857142857143,14.182422747280466,80.0,140.0,42
60,M,grip_right,23.279032258064518,4.260830755927566,13.3,32.2,124
60,M,shuttle_run,34.58536585365854,3.4284516166638372,28.0,43.6,41
60,M,sit_up,28.125,10.54838476036173,2.0,56.0,96
60,M,vo2max,106.9090909090909,17.592041252606357,64.0,153.0,44
61,F,grip_right,21.345,4.08999705982377,13.2,29.7,80
61,F,shuttle_run,28.577777777777776,2.368805992491863,25.0,35.5,18
61,F,sit_up,15.210526315789474,12.566589550563465,0.0,45.0,57
61,F,vo2max,111.34482758620689,21.036152320077395,73.0,154.0,29
61,M,grip_right,21.82405063291139,4.308792893900988,14.0,29.4,79
61,M,shuttle_run,33.136842105263156,3.014448636947613,30.0,42.5,19
61,M,sit_up,25.25,9.367739612870624,0.0,42.0,56
61,M,vo2max,116.65384615384616,20.645468864024004,73.0,165.0,26
62,F,grip_right,21.410000000000004,3.8426500746177235,13.8,31.2,100
62,F,shuttle_run,28.376923076923074,2.084527862672123,24.0,31.7,13
62,F,sit_up,13.763157894736842,10.018474163334629,0.0,34.0,76
62,F,vo2max,110.80392156862744,18.509478229105365,73.0,151.0,51
62,M,grip_right,22.803157894736838,4.382616837820123,13.9,32.0,95
62,M,shuttle_run,34.37916666666667,2.051929985810107,30.8,38.7,24
62,M,sit_up,27.21917808219178,8.180679432769333,1.0,44.0,73
62,M,vo2max,112.91891891891892,19.205581333413324,77.0,158.0,37
63,F,grip_right,21.628235294117644,4.815169773120942,13.5,33.2,85
63,F,shuttle_run,27.68666666666667,1.2927637430087897,25.7,29.7,15
63,F,sit_up,12.433333333333334,8.005012553937725,0.0,31.0,60
63,F,vo2max,114.07142857142857,19.23909709791125,83.0,152.0,28
63,M,grip_right,21.752631578947373,4.613528720669133,13.8,29.2,95
63,M,shuttle_run,35.17619047619047,2.825226497451976,31.2,41.3,21
63,M,sit_up,28.59375,6.814361002545717,14.0,50.0,64
63,M,vo2max,113.84615384615384,15.330211499368971,84.0,142.0,26
64,F,grip_right,21.24468085106383,4.536675326197401,13.4,37.4,94
64,F,shuttle_run,27.02,2.931362974605651,20.4,30.0,10
64,F,sit_up,13.344262295081966,9.877390421060344,0.0,34.0,61
64,F,vo2max,111.56756756756756,16.515212752255184,80.0,152.0,37
64,M,grip_right,22.00857142857143,4.5398685656532605,13.6,32.4,105
64,M,shuttle_run,33.74230769230769,2.854774677892891,25.8,39.4,26
64,M,sit_up,25.41891891891892,8.910524417260529,1.0,46.0,74
64,M,vo2max,109.2,17.798488893626665,62.0,145.0,30
65,F,grip_right,22.022429906542058,4.317631872131772,13.5,32.4,107
65,F,sit_and_reach,21.737963414634148,3.515045350128473,15.63,40.0,82
65,F,standing_long_jump,5.222524390243903,0.7733558142583234,3.54,9.1,82
65,M,grip_right,23.08858695652174,4.386483232712418,13.0,32.7,184
65,M,sit_and_reach,19.666060402684565,3.1823259877443117,14.78,44.75,149
65,M,standing_long_jump,4.7577852348993295,0.6062777947237663,3.31,7.53,149
66,F,grip_right,21.37282608695652,5.021144374200441,12.5,31.2,92
66,F,sit_and_reach,21.69976271186441,3.3838603457109864,13.19,31.02,59
66,F,standing_long_jump,5.272694915254237,0.7254733830103336,3.93,7.59,59
66,M,grip_right,22.799999999999997,4.402256687833892,12.9,31.4,148
66,M,sit_and_reach,19.735118181818176,3.2345940338605974,14.95,35.642,110
66,M,standing_long_jump,4.805272727272727,0.686494497850966,3.64,7.18,110
67,F,grip_right,20.78796296296296,4.220925123217859,12.9,32.2,108
67,F,sit_and_reach,21.770042857142858,3.472611039681705,15.85,31.1,70
67,F,standing_long_jump,5.338385714285715,0.7387567365073499,4.14,7.7,70
67,M,grip_right,22.89530201342282,4.380274204215707,13.7,32.8,149
67,M,sit_and_reach,19.994608695652172,2.9569470051307634,14.66,35.91,115
67,M,standing_long_jump,4.887043478260869,0.6757334857080074,3.59,8.17,115
68,F,grip_right,20.52393162393162,4.640463888312534,11.9,32.0,117
68,F,sit_and_reach,21.72147692307692,2.938951461127826,15.64,28.09,65
68,F,standing_long_jump,5.305892307692307,0.7751254761947602,4.1,7.25,65
68,M,grip_right,22.170588235294115,4.852290169389623,13.7,34.7,85
68,M,sit_and_reach,19.67331666666667,2.4958946121524748,14.78,25.67,60
68,M,standing_long_jump,4.858066666666667,0.5861056729694787,3.7,6.22,60
69,F,grip_right,20.90705882352941,4.36901395204516,14.2,33.1,85
69,F,sit_and_reach,23.41692452830189,6.7559659129743554,16.915,62.81,53
69,F,standing_long_jump,5.700867924528301,1.6098462066743167,4.0,15.06,53
69,M,grip_right,21.432999999999996,4.872144177760844,14.0,31.4,100
69,M,sit_and_reach,21.275033333333333,3.8245824053275728,13.84,37.31,60
69,M,standing_long_jump,5.059499999999999,0.8742016697090172,3.63,8.43,60
70,F,grip_right,21.252173913043475,4.817694368485094,11.9,31.9,69
70,F,sit_and_reach,24.542933333333334,5.683695498369157,17.8,47.58,45
70,F,standing_long_jump,6.0646,1.2479433699272795,4.37,11.58,45
70,M,grip_right,21.759405940594068,5.094490714837388,12.8,39.7,101
70,M,sit_and_reach,21.053828125,3.0846026090412946,16.333,33.57,64
70,M,standing_long_jump,5.101875000000001,0.8166576773071823,4.06,8.6,64
71,F,grip_right,20.871000000000002,4.9901983726080275,12.7,31.4,100
71,F,sit_and_reach,23.964203703703703,5.877306909196736,16.17,48.5,54
71,F,standing_long_jump,5.855851851851851,1.507445301206177,3.86,13.0,54
71,M,grip_right,20.78481012658228,5.073235163836626,12.2,30.4,79
71,M,sit_and_reach,20.70548888888889,2.7420087578785792,15.59,27.534,45
71,M,standing_long_jump,5.057377777777778,0.6451490415854199,4.01,7.04,45
72,F,grip_right,21.22244897959184,4.6053203345661,13.9,33.2,98
72,F,sit_and_reach,25.056362068965516,6.383357645590481,17.9,58.93,58
72,F,standing_long_jump,6.084948275862069,1.6970887396539207,4.13,14.56,58
72,M,grip_right,21.195652173913043,4.460339679149375,13.5,32.3,115
72,M,sit_and_reach,21.804506849315068,4.64344981943887,15.81,34.37,73
72,M,standing_long_jump,5.281095890410959,1.1075904423113911,3.81,8.399,73
73,F,grip_right,21.70675675675676,5.355584234046499,13.3,39.2,74
73,F,sit_and_reach,27.512261904761907,6.008582703139284,19.63,50.74,42
73,F,standing_long_jump,6.742790697674419,2.331735839793623,4.42,18.17,43
73,M,grip_right,19.275362318840575,4.522245856583074,13.1,30.8,69
73,M,sit_and_reach,22.665384615384614,3.970322133801468,16.54,32.19,26
73,M,standing_long_jump,5.392038461538461,1.0694847537302898,3.5,7.85,26
74,F,grip_right,20.592,4.612754351003606,13.5,30.0,75
74,F,sit_and_reach,27.78666666666667,6.746693667167386,18.16,52.1,39
74,F,standing_long_jump,6.462051282051282,1.5070277116286661,4.19,12.79,39
74,M,grip_right,20.004225352112673,4.761615470756546,13.5,33.3,71
74,M,sit_and_reach,22.119812500000002,4.117611877850182,17.1,39.07,32
74,M,standing_long_jump,5.3434375,0.9638920076540498,3.84,9.06,32
75,F,grip_right,19.866666666666667,4.849377884167598,12.2,28.7,84
75,F,sit_and_reach,28.66652631578947,7.232401218902382,19.31,52.88,38
75,F,standing_long_jump,6.86407894736842,1.7311671485739224,4.56,12.32,38
75,M,grip_right,20.14607843137255,4.836242538870204,13.5,32.5,102
75,M,sit_and_reach,23.227975,4.339360170770187,18.3,39.97,40
75,M,standing_long_jump,5.543974999999999,1.0394311680939379,4.12,9.03,40
76,F,grip_right,24.78974358974359,2.6944186827192937,19.9,31.7,39
76,F,sit_and_reach,29.52158974358974,7.582527202366562,17.28,54.11,39
76,F,standing_long_jump,6.778435897435898,1.4915315829334588,4.43,11.52,39
76,M,grip_right,23.87741935483871,3.190267457692678,14.6,33.1,31
76,M,sit_and_reach,23.891000000000002,4.551328983631196,18.39,39.39,30
76,M,standing_long_jump,5.821999999999999,1.1698670717296222,4.15,9.37,30
77,F,grip_right,24.682857142857145,3.116888127064983,16.7,30.0,35
77,F,sit_and_reach,29.482857142857146,7.324575836515992,18.27,48.95,35
77,F,standing_long_jump,7.195428571428571,1.9577010870453353,4.53,14.48,35
77,M,grip_right,24.676923076923075,2.400053418208939,20.4,28.8,13
77,M,sit_and_reach,26.49923076923077,7.461834516992076,17.06,43.52,13
77,M,standing_long_jump,5.823076923076925,1.20726539898638,3.43,7.54,13
78,F,grip_right,24.56,3.0991975801851743,20.0,35.2,40
78,F,sit_and_reach,31.552099999999996,8.473838202796859,21.5,68.97,40
78,F,standing_long_jump,7.80985,2.652474737548566,5.2,22.46,40
78,M,grip_right,24.205555555555556,2.2105288752913252,20.3,28.6,18
78,M,sit_and_reach,26.53944444444444,6.3511068717769215,18.53,38.78,18
78,M,standing_long_jump,6.274444444444445,1.6556932872479457,4.3,9.15,18
79,F,grip_right,24.21904761904762,3.7828057110587965,13.1,30.2,21
79,F,sit_and_reach,33.496449999999996,7.476352153536123,22.59,51.88,20
79,F,standing_long_jump,7.699999999999998,1.2975969693001146,6.06,10.25,20
79,M,grip_right,24.475000000000005,4.729429141027488,14.7,29.5,12
79,M,sit_and_reach,23.993333333333336,3.1861984567915105,19.12,30.06,12
79,M,standing_long_jump,5.766666666666666,0.8734813661262024,4.4,6.9,12
80,F,grip_right,23.54705882352941,3.1211211221007638,15.6,28.0,17
80,F,sit_and_reach,31.978235294117646,7.044663082162018,16.81,44.61,17
80,F,standing_long_jump,7.748470588235295,1.8528706821324261,3.87,11.5,17
80,M,grip_right,23.838461538461537,1.5824761512360206,21.3,26.5,13
80,M,sit_and_reach,26.139384615384618,5.441764259540306,19.47,37.75,13
80,M,standing_long_jump,6.276153846153846,1.2754054156851358,4.8,9.53,13
81,F,grip_right,25.26153846153846,3.5113617783506066,18.5,32.4,26
81,F,sit_and_reach,31.339520000000004,6.113901060425059,20.97,47.94,25
81,F,standing_long_jump,7.523759999999999,1.7264451984738274,5.12,12.6,25
81,M,grip_right,23.316666666666666,3.7067902716025167,15.5,30.7,18
81,M,sit_and_reach,28.7726875,8.454803106075268,21.48,54.7,16
81,M,standing_long_jump,6.45425,1.3919735390205281,3.9,9.4,16
82,F,grip_right,24.929166666666664,3.014959681995428,20.0,32.6,24
82,F,sit_and_reach,33.69083333333333,8.321800555934612,24.94,65.6,24
82,F,standing_long_jump,7.913666666666667,2.108800084669348,5.06,13.56,24
82,M,grip_right,25.645454545454548,2.7156449091748485,20.7,30.5,11
82,M,sit_and_reach,29.793636363636367,7.12076157826854,22.69,47.02,11
82,M,standing_long_jump,7.363454545454545,2.398927108673224,5.35,12.32,11
83,F,grip_right,24.68421052631579,2.8779358262273744,18.8,30.4,19
83,F,sit_and_reach,31.832000000000004,5.6574783153706285,24.1,41.5,19
83,F,standing_long_jump,7.337157894736842,1.4475773348429013,4.66,9.78,19
83,M,grip_right,23.56,2.7492221122023266,20.5,28.0,10
83,M,sit_and_reach,30.434000000000005,9.017160430103381,22.21,45.37,10
83,M,standing_long_jump,7.136,2.432608111106724,5.08,12.16,10
84,F,grip_right,24.44705882352941,3.818232190271243,17.3,31.7,17
84,F,sit_and_reach,37.702,13.549721786811713,26.8,74.35,17
84,F,standing_long_jump,9.206529411764706,4.328724669542506,6.0,20.68,17
86,F,grip_right,24.79,2.256570652807288,20.1,28.3,10
86,F,sit_and_reach,40.28099999999999,10.996800999482632,26.71,62.5,10
86,F,standing_long_jump,8.712,2.275892010716775,5.34,13.44,10
